0.05	0.00111742	1.5708	-3.1419	-0.000737634	8.46348e-05	0.0011825	0.00111747	1.5708	-3.1419	-0.000737667	8.46386e-05	0.00118256	0	0	0	0	0	0	0.018692	-0.00257492	-0.0212669	-0.0343323	0.0268936	0.0401497	0	0	0	0	0	0	0	0	0	0	0	0	0	0	0	0	0	0	0	0	0	0	0	0	Done
0.1	0.00111707	1.5708	-3.1419	-0.000737407	8.46088e-05	0.00118214	0.0011549	1.57062	-3.14269	-0.00143099	0.00130844	0.00150704	0	0	0	0	0	0	-0.000476837	-0.00219345	-0.0102043	0.00882148	0.0175953	-0.0154495	0	0	0	0	0	0	0	0	0	0	0	0	-0.000140933	0.000291348	-0.00811243	0.010999	-0.000927001	-1.10236e-10	0	0	0	0	0	0	Done
0.15	0.00111617	1.5708	-3.1419	-0.000736813	8.45406e-05	0.00118119	0.00113773	1.57057	-3.14302	-0.00111127	0.00192356	0.000971794	0	0	0	0	0	0	-0.000238419	-0.000286103	-0.00343323	0.00476838	0.00805856	-0.00820161	0	0	0	0	0	0	0.0133805	-0.0226943	-0.0370089	-0.0354028	0.0427856	0.0274869	2.20285e-06	0.000216484	-0.00551081	0.0165032	-0.000619248	-1.65759e-10	0	0	0	0	0	0	Done
0.2	0.00111448	1.5708	-3.14189	-0.000735694	8.44122e-05	0.00117939	0.0011282	1.57056	-3.1431	-0.000938892	0.00216126	0.000661612	0	0	0	0	0	0	-0.000143051	9.53675e-05	-9.53675e-05	0.00257492	0.00219345	-0.00467301	0	0	0	0	0	0	-0.0100735	0.00692544	-0.00350639	0.00694687	0.0122234	-0.0144084	3.02955e-05	0.000125647	-0.00333405	0.0192535	-0.000359312	-1.93504e-10	0	0	0	0	0	0	Done
0.25	0.00111178	1.5708	-3.14189	-0.000733914	8.4208e-05	0.00117654	0.00112319	1.57057	-3.14307	-0.000845909	0.00219822	0.000494719	0	0	0	0	0	0	-9.53675e-05	0.000190735	0.00123978	0.00138283	-0.000476838	-0.00243187	0	0	0	0	0	0	-0.0330721	0.0373326	0.0358563	0.0453622	-0.0300169	-0.0488401	2.94059e-05	7.62939e-06	-0.00184453	0.0206268	-0.000184372	-2.07375e-10	0	0	0	0	0	0	Done
0.3	0.0011079	1.5708	-3.14189	-0.000731353	8.39141e-05	0.00117243	0.00112057	1.57059	-3.143	-0.000795841	0.00214171	0.000405073	0	0	0	0	0	0	-4.76838e-05	0.00038147	0.00152588	0.000715256	-0.0017643	-0.00133515	0	0	0	0	0	0	0.00644559	-0.00329584	-0.000864737	0.00277517	0.00119394	-0.00419273	2.82569e-05	-2.59876e-05	-0.000995398	0.0213122	-8.77827e-05	-2.14307e-10	0	0	0	0	0	0	Done
0.35	0.00110268	1.5708	-3.14189	-0.000727907	8.35188e-05	0.00116691	0.00111914	1.57061	-3.14292	-0.000769138	0.00203252	0.000356436	0	0	0	0	0	0	0	0.00038147	0.00171662	0.00038147	-0.00257492	-0.000715256	0	0	0	0	0	0	0.0412942	-0.0409346	-0.0381903	-0.0392078	0.0366985	0.0388946	2.7473e-05	-3.60012e-05	-0.000516653	0.0216555	-3.63588e-05	-2.17785e-10	0	0	0	0	0	0	Done
0.4	0.00109599	1.5708	-3.14189	-0.000723492	8.30122e-05	0.00115983	0.00111842	1.57063	-3.14284	-0.000754595	0.00189233	0.000329733	0	0	0	0	0	0	0	0.00038147	0.00171662	0.000238419	-0.00305176	-0.00038147	0	0	0	0	0	0	-0.000905324	0.000549171	0.00241508	-0.000169789	-0.00382153	0.000210852	1.37327e-05	-3.83854e-05	-0.000254869	0.0218272	-1.11461e-05	-2.19527e-10	0	0	0	0	0	0	Done
0.45	0.00108773	1.5708	-3.14189	-0.000718036	8.23862e-05	0.00115109	0.00111794	1.57064	-3.14275	-0.000746965	0.00173736	0.000316381	0	0	0	0	0	0	0	0.000286103	0.00162125	9.53675e-05	-0.00314713	-0.000190735	0	0	0	0	0	0	-0.0410644	0.0409121	0.0421033	0.039798	-0.0432873	-0.0398344	6.72002e-06	-5.6982e-05	-0.000121355	0.0219129	-5.96046e-07	-2.20401e-10	0	0	0	0	0	0	Done
0.5	0.0010778	1.5708	-3.14189	-0.000711484	8.16344e-05	0.00114058	0.00111771	1.57066	-3.14267	-0.000743151	0.0015769	0.000309229	0	0	0	0	0	0	0	0.00038147	0.00152588	4.76838e-05	-0.0032425	-9.53675e-05	0	0	0	0	0	0	-0.000499702	0.000725889	0.00177645	9.99713e-05	-0.00306356	-0.000215255	3.35995e-06	-3.55244e-05	-6.31809e-05	0.0219557	1.93715e-06	-2.2084e-10	0	0	0	0	0	0	Done
0.55	0.00106616	1.5708	-3.14188	-0.000703795	8.07522e-05	0.00112826	0.00111747	1.57067	-3.1426	-0.000741243	0.00141764	0.000304699	0	0	0	0	0	0	0	0.000286103	0.00152588	0	-0.00314713	-9.53675e-05	0	0	0	0	0	0	0.0399909	-0.0395839	-0.038425	-0.0397903	0.0368897	0.0396814	1.60689e-06	-3.79086e-05	-3.33786e-06	0.0219775	5.75185e-06	-2.21066e-10	0	0	0	0	0	0	Done
0.6	0.00105274	1.5708	-3.14188	-0.000694941	7.97363e-05	0.00111406	0.00111747	1.57068	-3.14253	-0.000740051	0.00126433	0.000302792	0	0	0	0	0	0	0	0.000190735	0.00133515	0	-0.00300408	-4.76838e-05	0	0	0	0	0	0	0.000235085	0.000137273	0.00140662	5.66593e-05	-0.00310075	-0.000125587	5.88062e-07	-6.12736e-05	1.62125e-05	0.0219881	4.91738e-06	-2.21173e-10	0	0	0	0	0	0	Done
0.65	0.00103755	1.5708	-3.14187	-0.000684908	7.85851e-05	0.00109798	0.00111747	1.57069	-3.14246	-0.000739574	0.00111866	0.000302076	0	0	0	0	0	0	0	0.000190735	0.00133515	4.76838e-05	-0.00286103	0	0	0	0	0	0	0	-0.0398154	0.0400678	0.0413292	0.0399586	-0.0430494	-0.0399775	2.93944e-07	-7.58171e-05	4.64916e-05	0.0219938	6.28829e-06	-2.21234e-10	0	0	0	0	0	0	Done
0.7	0.00102056	1.5708	-3.14187	-0.000673694	7.72984e-05	0.00108	0.00111747	1.5707	-3.1424	-0.000739574	0.000982285	0.000302076	0	0	0	0	0	0	0	0.000190735	0.00104904	0	-0.00262261	0	0	0	0	0	0	0	-3.0824e-05	0.000201112	0.00137023	3.49359e-05	-0.00301698	-2.78951e-05	-6.82914e-08	-6.79493e-05	1.71661e-05	0.0219958	8.04663e-07	-2.21255e-10	0	0	0	0	0	0	Done
0.75	0.00100179	1.5708	-3.14186	-0.000661307	7.58772e-05	0.00106014	0.00111747	1.57071	-3.14235	-0.000739336	0.000856876	0.000301123	0	0	0	0	0	0	0	0.000286103	0.00104904	0	-0.00243187	-4.76838e-05	0	0	0	0	0	0	0.0398929	-0.0397231	-0.0387208	-0.0399379	0.0371611	0.0399489	3.79181e-08	-2.86102e-05	5.00679e-06	0.0219974	-1.40071e-06	-2.21275e-10	0	0	0	0	0	0	Done
0.8	0.000981284	1.5708	-3.14186	-0.000647769	7.43238e-05	0.00103844	0.00111747	1.57072	-3.14229	-0.000739336	0.000741243	0.000300646	0	0	0	0	0	0	0	9.53675e-05	0.000953675	-4.76838e-05	-0.00224114	0	0	0	0	0	0	0	1.40005e-05	0.000175508	0.00106288	-4.2084e-05	-0.00248179	3.75317e-05	-1.97693e-07	-4.8399e-05	9.29832e-06	0.0219982	-2.02656e-06	-2.21282e-10	0	0	0	0	0	0	Done
0.85	0.000959076	1.5708	-3.14185	-0.000633109	7.26418e-05	0.00101494	0.00111747	1.57073	-3.14224	-0.000739813	0.000637054	0.000300169	0	0	0	0	0	0	0	0.000190735	0.000953675	0	-0.00200272	0	0	0	0	0	0	0	-0.0399299	0.0400949	0.0409567	0.0399262	-0.042224	-0.0399393	-2.64204e-08	-4.33922e-05	3.17097e-05	0.0219987	5.66244e-07	-2.2129e-10	0	0	0	0	0	0	Done
0.9	0.000935231	1.5708	-3.14185	-0.000617368	7.08357e-05	0.000989705	0.00111747	1.57073	-3.1422	-0.000740051	0.000542402	0.000300407	0	0	0	0	0	0	0	0	0.000858308	0	-0.00181198	0	0	0	0	0	0	0	-3.29921e-05	0.000162924	0.00101998	3.35166e-05	-0.00212094	-5.34402e-05	-2.29614e-07	-8.22544e-05	5.05447e-05	0.0219989	2.35438e-06	-2.2129e-10	0	0	0	0	0	0	Done
0.95	0.000909823	1.5708	-3.14184	-0.000600596	6.89113e-05	0.000962817	0.00111747	1.57074	-3.14216	-0.000739813	0.000458241	0.000299692	0	0	0	0	0	0	0	9.53675e-05	0.00076294	0	-0.00162125	4.76838e-05	0	0	0	0	0	0	0.0399296	-0.0398282	-0.0390108	-0.0399312	0.03804	0.0399223	-1.14229e-07	-8.4877e-05	5.00679e-05	0.0219987	2.05636e-06	-2.21291e-10	0	0	0	0	0	0	Done
1	0.000882938	1.5708	-3.14183	-0.000582848	6.68749e-05	0.000934365	0.00111747	1.57075	-3.14212	-0.000739813	0.000380754	0.000300884	0	0	0	0	0	0	0	0.000190735	0.00076294	0	-0.0014782	0	0	0	0	0	0	0	3.91157e-05	6.72413e-05	0.000779249	-3.71778e-05	-0.00164521	3.15221e-05	1.5026e-08	-4.64916e-05	5.67436e-05	0.0219988	3.33786e-06	-2.21293e-10	0	0	0	0	0	0	Done
1.05	0.000854674	1.5708	-3.14182	-0.00056419	6.47342e-05	0.000904455	0.00111747	1.57075	-3.14209	-0.000739336	0.000313044	0.000301123	0	0	0	0	0	0	0	9.53675e-05	0.000572205	0	-0.00123978	0	0	0	0	0	0	0	-0.0399254	0.0400838	0.0406411	0.0399273	-0.0414511	-0.0399121	-2.08211e-07	-3.26633e-05	3.21865e-05	0.0219987	2.08616e-07	-2.21288e-10	0	0	0	0	0	0	Done
1.1	0.000825139	1.5708	-3.14182	-0.000544694	6.24972e-05	0.000873201	0.00111747	1.57076	-3.14206	-0.000739098	0.000253439	0.000301361	0	0	0	0	0	0	0	9.53675e-05	0.000572205	0	-0.00114441	-4.76838e-05	0	0	0	0	0	0	-3.83759e-05	0.000191537	0.000663107	4.53183e-05	-0.00139757	-2.3807e-05	-1.04233e-07	-2.83718e-05	2.0504e-05	0.0219989	-1.3411e-06	-2.21291e-10	0	0	0	0	0	0	Done
1.15	0.000794452	1.5708	-3.14181	-0.000524437	6.0173e-05	0.000840726	0.00111747	1.57076	-3.14203	-0.000738859	0.000200272	0.000300646	0	0	0	0	0	0	0	0	0.000572205	0	-0.00104904	0	0	0	0	0	0	0	0.0399245	-0.0398123	-0.0393518	-0.0399173	0.038732	0.039933	-1.24582e-07	-5.22137e-05	3.19481e-05	0.0219991	-2.38419e-07	-2.21292e-10	0	0	0	0	0	0	Done
1.2	0.000794452	1.5708	-3.14181	-0.000524437	6.0173e-05	0.000840726	0.00111747	1.57077	-3.14201	-0.000738859	0.000152826	0.000300646	0	0	0	0	0	0	0	0.000190735	0.000476838	0	-0.000905991	0	0	0	0	0	0	0	3.75339e-05	3.05398e-05	0.000511722	-3.18752e-05	-0.00101242	2.87467e-05	1.05522e-08	-1.19209e-05	1.83582e-05	0.0219986	-1.46031e-06	-2.2129e-10	0	0	0	0	0	0	Done
1.25	0.000762739	1.5708	-3.1418	-0.000503502	5.77709e-05	0.000807166	0.00111747	1.57077	-3.14198	-0.000738621	0.000110388	0.000300407	0	0	0	0	0	0	0	0	0.000572205	0	-0.00076294	0	0	0	0	0	0	0	-0.0399248	0.0399962	0.0404439	0.0399262	-0.0408596	-0.0399335	-6.8e-08	-3.12328e-05	5.48363e-05	0.0219993	3.42727e-06	-2.21296e-10	0	0	0	0	0	0	Done
1.3	0.000730132	1.5708	-3.14179	-0.000481977	5.53012e-05	0.000772659	0.00111747	1.57077	-3.14196	-0.000738621	7.41482e-05	0.000299692	0	0	0	0	0	0	0	0	0.000286103	0	-0.000667573	0	0	0	0	0	0	0	-3.74252e-05	8.16704e-05	0.000538933	3.96328e-05	-0.0008767	-4.34467e-05	-2.48809e-07	-4.45843e-05	1.64509e-05	0.0219985	-1.93715e-06	-2.21285e-10	0	0	0	0	0	0	Done
1.35	0.000696771	1.5708	-3.14178	-0.000459955	5.27744e-05	0.000737355	0.00111747	1.57077	-3.14194	-0.000738621	3.98159e-05	0.000299931	0	0	0	0	0	0	0	9.53675e-05	0.000572205	0	-0.000715256	4.76838e-05	0	0	0	0	0	0	0.039925	-0.0399126	-0.0394887	-0.0399239	0.0391938	0.0399143	1.62716e-07	-3.38554e-05	5.26905e-05	0.0219993	2.80142e-06	-2.21298e-10	0	0	0	0	0	0	Done
1.4	0.0006628	1.5708	-3.14177	-0.00043753	5.02014e-05	0.000701406	0.00111747	1.57077	-3.14192	-0.000738621	1.07288e-05	0.000300169	0	0	0	0	0	0	0	0	0.000286103	0	-0.000524521	4.76838e-05	0	0	0	0	0	0	3.7493e-05	-1.87831e-05	0.000371659	-3.75585e-05	-0.000627711	3.55849e-05	-2.05904e-07	-3.74317e-05	2.95639e-05	0.0219987	-2.38419e-07	-2.21287e-10	0	0	0	0	0	0	Done
1.45	0.000628369	1.5708	-3.14176	-0.000414801	4.75936e-05	0.000664969	0.00111747	1.57077	-3.14191	-0.000738621	-1.35899e-05	0.000299931	0	0	0	0	0	0	0	9.53675e-05	0.00038147	0	-0.000476838	0	0	0	0	0	0	0	-0.039925	0.0399452	0.0402943	0.0399246	-0.0405123	-0.0399195	4.09032e-08	-1.93119e-05	2.52724e-05	0.0219989	-4.17233e-07	-2.21294e-10	0	0	0	0	0	0	Done
1.5	0.000593629	1.5708	-3.14175	-0.000391869	4.49623e-05	0.000628206	0.00111747	1.57077	-3.14189	-0.000738859	-3.55244e-05	0.000300169	0	0	0	0	0	0	0	0	0.000286103	0	-0.000429154	0	0	0	0	0	0	0	-3.75183e-05	7.05512e-05	0.00036386	3.72903e-05	-0.000531743	-3.64298e-05	-1.23591e-07	-2.59876e-05	1.21593e-05	0.0219989	-2.20537e-06	-2.2129e-10	0	0	0	0	0	0	Done
1.55	0.000558734	1.5708	-3.14174	-0.000368834	4.23193e-05	0.000591278	0.00111747	1.57077	-3.14187	-0.000739098	-5.62668e-05	0.000300407	0	0	0	0	0	0	0	-9.53675e-05	0.00038147	0	-0.00038147	0	0	0	0	0	0	0	0.039925	-0.0399158	-0.0396065	-0.0399282	0.0394988	0.039927	-6.26177e-08	-6.98566e-05	3.48091e-05	0.0219993	4.47035e-07	-2.21295e-10	0	0	0	0	0	0	Done
1.6	0.000523839	1.5708	-3.14173	-0.000345798	3.96763e-05	0.00055435	0.00111747	1.57077	-3.14186	-0.000739098	-7.60555e-05	0.000300407	0	0	0	0	0	0	0	0	0.000286103	0	-0.00038147	0	0	0	0	0	0	0	3.75213e-05	-6.17901e-05	0.000301591	-4.2765e-05	-0.000358317	4.17323e-05	-3.05845e-08	-7.10487e-05	2.71797e-05	0.0219988	-4.76837e-07	-2.2129e-10	0	0	0	0	0	0	Done
1.65	0.000489099	1.5708	-3.14173	-0.000322866	3.7045e-05	0.000517587	0.00111747	1.57078	-3.14184	-0.000739336	-9.56059e-05	0.000299692	0	0	0	0	0	0	0	0.000190735	0.000286103	0	-0.00038147	0	0	0	0	0	0	0	-0.0399249	0.0399309	0.0402624	0.0399225	-0.0403107	-0.0399228	1.29389e-07	-5.48363e-06	7.62939e-06	0.0219987	-2.32458e-06	-2.21292e-10	0	0	0	0	0	0	Done
1.7	0.000454668	1.5708	-3.14172	-0.000300137	3.44372e-05	0.00048115	0.00111747	1.57078	-3.14182	-0.000739336	-0.000113726	0.000300169	0	0	0	0	0	0	0	0	0.000286103	0	-0.000333786	0	0	0	0	0	0	0	-3.75168e-05	0.000113637	0.000360675	3.44732e-05	-0.000423386	-4.70796e-05	-8.01316e-08	-7.62939e-06	8.10623e-06	0.0219991	-2.41399e-06	-2.21293e-10	0	0	0	0	0	0	Done
1.75	0.000420697	1.5708	-3.14171	-0.000277712	3.18642e-05	0.000445201	0.00111747	1.57078	-3.14181	-0.000739574	-0.0001266	0.000299931	0	0	0	0	0	0	0	0	0.00038147	0	-0.000190735	-4.76838e-05	0	0	0	0	0	0	0.0399249	-0.0398631	-0.0396065	-0.0399262	0.0395547	0.0399243	3.13213e-08	-3.09944e-05	4.72069e-05	0.0219992	2.95043e-06	-2.21298e-10	0	0	0	0	0	0	Done
1.8	0.000387336	1.5708	-3.1417	-0.00025569	2.93374e-05	0.000409897	0.00111747	1.57078	-3.14179	-0.000739574	-0.000138998	0.000300169	0	0	0	0	0	0	0	-9.53675e-05	0.000286103	0	-0.000238419	0	0	0	0	0	0	0	3.75175e-05	-3.46968e-05	0.000295222	-4.0497e-05	-0.000252048	3.70593e-05	-1.2832e-07	-6.62804e-05	5.60284e-05	0.021999	3.63588e-06	-2.21291e-10	0	0	0	0	0	0	Done
1.85	0.000354729	1.5708	-3.14169	-0.000234165	2.68677e-05	0.000375391	0.00111747	1.57078	-3.14178	-0.000739574	-0.000151634	0.000301361	0	0	0	0	0	0	0	0	0.000286103	0	-0.000238419	4.76838e-05	0	0	0	0	0	0	-0.0399249	0.0398943	0.0402306	0.0399234	-0.0401598	-0.0399218	8.14813e-09	-6.55651e-05	5.19753e-05	0.0219989	2.95043e-06	-2.21292e-10	0	0	0	0	0	0	Done
1.9	0.000323015	1.5708	-3.14168	-0.00021323	2.44656e-05	0.00034183	0.00111747	1.57078	-3.14177	-0.000739574	-0.000162125	0.0003016	0	0	0	0	0	0	0	9.53675e-05	0.000190735	0	-0.000143051	-9.53675e-05	0	0	0	0	0	0	-3.75175e-05	4.19e-05	0.000284296	3.74647e-05	-0.000266095	-1.93769e-05	4.68391e-09	-2.31266e-05	2.14577e-05	0.0219986	-4.17233e-07	-2.21289e-10	0	0	0	0	0	0	Done
1.95	0.000292328	1.5708	-3.14167	-0.000192973	2.21414e-05	0.000309355	0.00111747	1.57078	-3.14176	-0.000739574	-0.00017333	0.0003016	0	0	0	0	0	0	0	0	0.000286103	0	-0.000286103	4.76838e-05	0	0	0	0	0	0	0.0399249	-0.0398615	-0.0397147	-0.0399245	0.039711	0.0399392	1.85134e-09	-2.12193e-05	2.38419e-05	0.0219991	-5.06639e-07	-2.21292e-10	0	0	0	0	0	0	Done
2	0.000262794	1.5708	-3.14166	-0.000173477	1.99044e-05	0.000278101	0.00111747	1.57078	-3.14175	-0.000739574	-0.000181675	0.000301838	0	0	0	0	0	0	0	9.53675e-05	0.000190735	0	-0.000143051	0	0	0	0	0	0	0	3.75175e-05	2.27211e-05	0.000187028	-3.71756e-05	-0.000178344	4.09359e-05	1.48294e-09	2.6226e-06	9.53674e-06	0.0219987	-2.08616e-06	-2.2129e-10	0	0	0	0	0	0	Done
2.05	0.00023453	1.5708	-3.14166	-0.000154819	1.77637e-05	0.000248191	0.00111747	1.57078	-3.14173	-0.000739813	-0.000188112	0.0003016	0	0	0	0	0	0	0	0	0.00019073	0	-9.53652e-05	0	0	0	0	0	0	0	-0.0399249	0.0399565	0.0401574	0.039925	-0.0401087	-0.0399242	-7.15979e-08	-2.86102e-06	2.14577e-06	0.021999	-2.89083e-06	-2.21291e-10	0	0	0	0	0	0	Done
2.1	0.000207645	1.5708	-3.14165	-0.000137071	1.57273e-05	0.00021974	0.00111747	1.57078	-3.14172	-0.000739813	-0.000194788	0.000301361	0	0	0	0	0	0	0	-9.53652e-05	0.00019073	0	-0.000143048	0	0	0	0	0	0	0	-3.75175e-05	1.97308e-05	0.000284324	3.42609e-05	-0.000173903	-4.13643e-05	-1.08107e-07	-4.33922e-05	5.00679e-06	0.0219991	-3.03984e-06	-2.21291e-10	0	0	0	0	0	0	Done
2.15	0.000182237	1.5708	-3.14164	-0.000120299	1.38029e-05	0.000192851	0.00111747	1.57078	-3.14171	-0.000739813	-0.000202417	0.000301361	0	0	0	0	0	0	0	0	0.000286096	0	-0.000143048	0	0	0	0	0	0	0	0.0399249	-0.0399857	-0.0396606	-0.0399271	0.0398063	0.039919	8.99585e-08	-5.10216e-05	3.17097e-05	0.0219991	5.36442e-07	-2.21295e-10	0	0	0	0	0	0	Done
2.2	0.000158392	1.5708	-3.14164	-0.000104558	1.19968e-05	0.000167617	0.00111747	1.57078	-3.14169	-0.000739813	-0.000210762	0.000301361	0	0	0	0	0	0	0	0	0.000286096	0	-9.53652e-05	0	0	0	0	0	0	0	3.75175e-05	-7.27566e-05	0.000241171	-3.78864e-05	-9.78871e-05	3.48152e-05	4.4869e-08	-4.76837e-05	5.67436e-05	0.0219991	4.20213e-06	-2.21294e-10	0	0	0	0	0	0	Done
2.25	0.000136184	1.5708	-3.14163	-8.98985e-05	1.03148e-05	0.000144116	0.00111747	1.57078	-3.14168	-0.000739813	-0.000217915	0.000301361	0	0	0	0	0	0	0	9.53652e-05	0.00019073	0	-0.000143048	0	0	0	0	0	0	0	-0.0399249	0.0399215	0.0402211	0.0399254	-0.040087	-0.0399248	2.32617e-08	-1.4782e-05	4.31538e-05	0.0219987	2.5034e-06	-2.21289e-10	0	0	0	0	0	0	Done
2.3	0.000115675	1.5708	-3.14162	-7.63601e-05	8.76142e-06	0.000122413	0.00111747	1.57078	-3.14167	-0.000739813	-0.000222683	0.000301123	0	0	0	0	0	0	0	0	0.00019073	0	-9.53652e-05	-4.76826e-05	0	0	0	0	0	0	-3.75175e-05	6.594e-05	0.000287552	3.79631e-05	-0.000195734	-3.64856e-05	-6.06838e-08	-1.40667e-05	3.52859e-05	0.021999	1.2815e-06	-2.21291e-10	0	0	0	0	0	0	Done
2.35	9.69113e-05	1.5708	-3.14162	-6.39734e-05	7.3402e-06	0.000102556	0.00111747	1.57078	-3.14166	-0.000740051	-0.000225544	0.000300884	0	0	0	0	0	0	0	-9.53652e-05	0.00019073	0	0	-4.76826e-05	0	0	0	0	0	0	0.0399249	-0.0399172	-0.0397242	-0.0399248	0.0398099	0.0399224	-1.02883e-07	-5.126e-05	4.41074e-05	0.0219991	2.14577e-06	-2.21293e-10	0	0	0	0	0	0	Done
2.4	7.99226e-05	1.5708	-3.14161	-5.27588e-05	6.05345e-06	8.45778e-05	0.00111747	1.57078	-3.14165	-0.000740051	-0.000230074	0.000299931	0	0	0	0	0	0	0	0	0.00019073	0	-0.000143048	0	0	0	0	0	0	0	3.75175e-05	-7.43905e-05	0.000139346	-4.07593e-05	-2.44147e-05	3.22843e-05	2.11119e-08	-5.19753e-05	4.26769e-05	0.0219989	1.75834e-06	-2.21292e-10	0	0	0	0	0	0	Done
2.45	6.47237e-05	1.5708	-3.14161	-4.27257e-05	4.90227e-06	6.84936e-05	0.00111747	1.57078	-3.14164	-0.000740051	-0.000234604	0.000299692	0	0	0	0	0	0	0	0	0.00019073	0	-4.76826e-05	0	0	0	0	0	0	0	-0.0399249	0.0398912	0.0401034	0.0399227	-0.0399884	-0.0399403	1.04546e-08	-4.45843e-05	4.55379e-05	0.0219989	2.23517e-06	-2.21294e-10	0	0	0	0	0	0	Done
2.5	5.13113e-05	1.5708	-3.14161	-3.38718e-05	3.88639e-06	5.43e-05	0.00111747	1.57078	-3.14164	-0.000740051	-0.00023818	0.000299692	0	0	0	0	0	0	0	0	9.53652e-05	0	-4.76826e-05	-4.76826e-05	0	0	0	0	0	0	-3.75175e-05	4.68382e-05	0.000204799	3.71338e-05	-0.000119584	-4.91792e-05	-6.64109e-08	-3.57628e-05	2.28882e-05	0.0219988	-5.66244e-07	-2.2129e-10	0	0	0	0	0	0	Done
2.55	3.96632e-05	1.5708	-3.1416	-2.61826e-05	3.00415e-06	4.19735e-05	0.00111747	1.57078	-3.14163	-0.000740051	-0.000243425	0.000299931	0	0	0	0	0	0	0	0	0.00019073	0	-0.000143048	0	0	0	0	0	0	0	0.0399249	-0.0398949	-0.039772	-0.0399245	0.0398437	0.0399223	3.85466e-08	-3.43323e-05	2.81334e-05	0.0219991	-8.9407e-08	-2.21294e-10	0	0	0	0	0	0	Done
2.6	2.97379e-05	1.5708	-3.1416	-1.96307e-05	2.25239e-06	3.147e-05	0.00111747	1.57078	-3.14162	-0.000740051	-0.000247002	0.000300884	0	0	0	0	0	0	0	0	0.00019073	4.76826e-05	-4.76826e-05	0	0	0	0	0	0	0	3.75175e-05	5.28529e-06	0.000117066	-3.70698e-05	-5.92484e-05	4.28365e-05	1.94253e-08	-3.38554e-05	4.45843e-05	0.0219991	2.08616e-06	-2.21294e-10	0	0	0	0	0	0	Done
2.65	2.1473e-05	1.5708	-3.1416	-1.41748e-05	1.6264e-06	2.27237e-05	0.00111747	1.57078	-3.14161	-0.00074029	-0.000248671	0.000301361	0	0	0	0	0	0	0	9.53652e-05	9.53652e-05	0	-4.76826e-05	4.76826e-05	0	0	0	0	0	0	-0.0399249	0.0399566	0.0400843	0.0399251	-0.04001	-0.0399078	1.00311e-08	-4.76837e-07	2.59876e-05	0.0219986	8.9407e-08	-2.2129e-10	0	0	0	0	0	0	Done
2.7	1.47845e-05	1.5708	-3.1416	-9.75962e-06	1.1198e-06	1.56457e-05	0.00111747	1.57078	-3.14161	-0.00074029	-0.000249147	0.0003016	0	0	0	0	0	0	0	-9.53652e-05	9.53652e-05	0	4.76826e-05	0	0	0	0	0	0	0	-3.75175e-05	6.27638e-05	0.000176151	3.42758e-05	-8.42074e-05	-2.15025e-05	-1.39893e-07	-2.90871e-05	2.26498e-05	0.021999	-5.66244e-07	-2.21292e-10	0	0	0	0	0	0	Done
2.75	9.56553e-06	1.5708	-3.1416	-6.31443e-06	7.24507e-07	1.01227e-05	0.00111747	1.57078	-3.1416	-0.00074029	-0.000250101	0.0003016	0	0	0	0	0	0	0	9.53652e-05	9.53652e-05	0	-9.53652e-05	0	0	0	0	0	0	0	0.0399249	-0.0399315	-0.0398102	-0.0399272	0.0399158	0.0399331	7.50424e-08	-5.48363e-06	1.23978e-05	0.0219988	-1.84774e-06	-2.21291e-10	0	0	0	0	0	0	Done
2.8	5.68545e-06	1.5708	-3.14159	-3.7531e-06	4.30624e-07	6.0166e-06	0.00111747	1.57078	-3.14159	-0.00074029	-0.000251532	0.000301838	0	0	0	0	0	0	0	-9.53652e-05	9.53652e-05	0	0	-4.76826e-05	0	0	0	0	0	0	3.75175e-05	-5.68049e-05	8.84219e-05	-3.79013e-05	3.42996e-05	3.75824e-05	-1.07252e-07	-3.38554e-05	1.83582e-05	0.0219991	-1.3411e-06	-2.21292e-10	0	0	0	0	0	0	Done
2.85	2.98876e-06	1.5708	-3.14159	-1.97295e-06	2.26373e-07	3.16284e-06	0.00111747	1.57078	-3.14159	-0.00074029	-0.000252485	0.000301123	0	0	0	0	0	0	0	0	0.00019073	0	-9.53652e-05	0	0	0	0	0	0	0	-0.0399249	0.0398881	0.0400716	0.0399254	-0.0399432	-0.0399244	9.06095e-08	-4.26769e-05	4.72069e-05	0.0219991	2.23517e-06	-2.21295e-10	0	0	0	0	0	0	Done
2.9	1.29416e-06	1.5708	-3.14159	-8.54306e-07	9.80215e-08	1.36954e-06	0.00111747	1.57078	-3.14158	-0.00074029	-0.000253439	0.000300884	0	0	0	0	0	0	0	0	9.53652e-05	0	-4.76826e-05	0	0	0	0	0	0	0	-3.75175e-05	1.34127e-05	0.000195263	3.79653e-05	-6.13028e-05	-4.67473e-05	-2.63233e-08	-3.6478e-05	4.673e-05	0.0219988	2.17557e-06	-2.21291e-10	0	0	0	0	0	0	Done
2.95	3.93443e-07	1.5708	-3.14159	-2.59721e-07	2.97999e-08	4.1636e-07	0.00111747	1.57078	-3.14157	-0.00074029	-0.000252008	0.000300646	0	0	0	0	0	0	0	-9.53652e-05	9.53652e-05	0	4.76826e-05	0	0	0	0	0	0	0	0.0399249	-0.0399283	-0.0397847	-0.0399248	0.0399025	0.0399154	-8.5609e-08	-5.98431e-05	5.03063e-05	0.021999	2.68221e-06	-2.21293e-10	0	0	0	0	0	0	Done
3	5.0421e-08	1.5708	-3.14159	-3.32841e-08	3.81895e-09	5.33578e-08	0.00111747	1.57078	-3.14157	-0.00074029	-0.000251532	0.000301361	0	0	0	0	0	0	0	0	9.53652e-05	0	0	4.76826e-05	0	0	0	0	0	0	3.75175e-05	-3.76934e-05	6.60925e-05	-3.75764e-05	4.9618e-05	3.10877e-05	2.96525e-08	-5.36442e-05	5.10216e-05	0.0219989	3.01003e-06	-2.21292e-10	0	0	0	0	0	0	Done
3.05	0	0	0	0	0	0	0.00111747	1.57078	-3.14157	-0.00074029	-0.000251293	0.0003016	0	0	0	0	0	0	0	9.53652e-05	9.53652e-05	0	4.76826e-05	0	0	0	0	0	0	0	-0.0399249	0.0399518	0.0399983	0.0399249	-0.039903	-0.0399165	8.71533e-08	-1.19209e-05	4.91142e-05	0.0219988	3.42727e-06	-2.21293e-10	0	0	0	0	0	0	Done
3.1	0	1.57068	-3.14157	0	-0.000144046	0	0.00111747	1.57079	-3.14156	-0.00074029	-0.000255585	0.000301361	-0.0223494	-0.00219345	4.76837e-05	0.0148058	0.00214495	-0.00603199	0	9.53652e-05	0	0	-0.000143048	0	0	-2.55767	2.11409	0	0.257706	0	-3.75175e-05	9.94259e-05	8.37603e-05	3.74796e-05	-2.37891e-05	-2.65712e-05	-2.78608e-08	-4.52995e-06	-1.21593e-05	0.0219987	-3.54648e-06	-2.21287e-10	0.1	1	1	0.1	0.02	0.1	Done
3.15	0	1.56993	-3.14155	0	0.000585818	0	0.00111747	1.57067	-3.14159	-0.000740528	-8.98838e-05	0.000301123	0	-0.0149035	0.000319481	0	0.0145973	0	0	-0.00410071	-0.000953652	-4.76826e-05	0.00624642	4.76826e-05	0	-2.57879	2.11768	0	0.258207	0	0.0399249	-0.0398551	-0.0398739	-0.0399249	0.0398693	0.0399262	-3.91652e-06	0.00124002	-2.6226e-05	0.0220022	-3.41535e-05	-2.2132e-10	0.1	1	1	0.1	0.02	0.1	Done
3.2	0	1.56795	-3.14151	0	0.00252781	0	0.00111747	1.56985	-3.14173	-0.000739336	0.000935078	0.000298977	0	-0.039556	0.000724792	0	0.0388398	0	0	-0.0267023	-0.00457753	0	0.0328056	-4.76826e-05	0	-2.59926	2.12721	0	0.258756	0	3.75175e-05	-0.00159346	-0.000341538	-4.06908e-05	0.00234665	3.15392e-05	-2.15656e-05	0.00744939	-0.000647545	0.0220222	-0.000178993	-2.21438e-10	0.1	1	1	0.1	0.02	0.1	Done
3.25	0	1.56422	-3.14144	0	0.00618813	0	0.00111747	1.56743	-3.14189	-0.000738621	0.00319052	0.000296354	0	-0.0745678	0.00137806	0	0.0732064	0	0	-0.0667557	-0.00276559	4.76826e-05	0.0571238	-4.76826e-05	0	-2.611	2.13196	0	0.259437	0	-0.0399249	0.0222781	0.0377179	0.0399388	-0.0103464	-0.039958	-3.8249e-05	0.0165434	-0.00242019	0.0220654	-0.000307918	-2.21644e-10	0.1	1	1	0.1	0.02	0.1	Done
3.3	0	1.55829	-3.14133	0	0.0120023	0	0.00111747	1.56265	-3.14207	-0.000738621	0.00738335	0.000293732	0	-0.118647	0.00237942	0	0.116283	0	0	-0.119779	-0.00534045	0	0.109384	-4.76826e-05	0	-2.61299	2.14396	0	0.25993	0	-3.75175e-05	-0.034315	-0.00342735	5.7316e-05	0.0424365	-9.25684e-05	-5.68792e-05	0.0254695	-0.00320458	0.0220948	-0.000601321	-2.21874e-10	0.1	1	1	0.1	0.02	0.1	Done
3.35	0	1.54979	-3.14112	0	0.0203058	0	0.00111747	1.55508	-3.14217	-0.000738621	0.0138376	0.000292063	0	-0.170095	0.00403881	0	0.166071	0	0	-0.178333	-0.00104902	0	0.151106	-4.76826e-05	0	-2.6109	2.15031	0	0.260595	0	0.0399249	-0.101405	-0.0439225	-0.0399164	0.103314	0.0398643	-6.10271e-05	0.032562	-0.00456524	0.02213	-0.000829399	-2.22104e-10	0.1	1	1	0.1	0.02	0.1	Done
3.4	0	1.53842	-3.14079	0	0.0313427	0	0.00111747	1.54443	-3.1422	-0.000738144	0.0232358	0.000291824	0	-0.227387	0.00667572	0	0.220737	0	0	-0.243086	-0.00276559	0	0.226063	-4.76826e-05	0	-2.6022	2.16659	0	0.260804	0	3.75175e-05	-0.16963	-0.00287323	-3.84131e-05	0.162487	-6.77094e-06	-6.62353e-05	0.0384483	-0.00420666	0.0221423	-0.00120217	-2.22344e-10	0.1	1	1	0.1	0.02	0.1	Done
3.45	0	1.52398	-3.14025	0	0.0452454	0	0.00111747	1.53052	-3.14205	-0.000738859	0.035677	0.000294447	0	-0.288746	0.0107145	0	0.278054	0	0	-0.308888	0.00476826	0	0.277894	0	0	-2.5915	2.17589	0	0.261166	0	-0.0399249	-0.236893	0.0388906	0.0399279	0.22091	-0.0399374	-5.56912e-05	0.0431552	-0.00484371	0.0221643	-0.00137278	-2.22522e-10	0.1	1	1	0.1	0.02	0.1	Done
3.5	0	1.50637	-3.13942	0	0.0620238	0	0.00111747	1.51322	-3.14167	-0.000738144	0.0514398	0.000298262	0	-0.352252	0.0167036	0	0.335568	0	0	-0.379172	0.00600801	0	0.358335	0.000143048	0	-2.57128	2.19685	0	0.261066	0	-3.75175e-05	-0.303236	0.00275359	3.02026e-05	0.279858	3.93376e-06	-4.93895e-05	0.0477161	-0.00383067	0.0221608	-0.00163639	-2.22662e-10	0.1	1	1	0.1	0.02	0.1	Done
3.55	0	1.48557	-3.13816	0	0.0815585	0	0.00111747	1.4925	-3.14083	-0.000737906	0.0700204	0.000303268	0	-0.415866	0.0251961	0	0.390694	0	0	-0.446595	0.0209804	4.76826e-05	0.397101	0.000143048	0	-2.54749	2.2059	0	0.261307	0	0.0399249	-0.369623	-0.0322595	-0.0399212	0.341297	0.0400076	-2.49798e-05	0.0511012	-0.00425124	0.0221697	-0.00161439	-2.22745e-10	0.1	1	1	0.1	0.02	0.1	Done
3.6	0	1.46169	-3.13633	0	0.103613	0	0.00111747	1.4684	-3.13952	-0.000738382	0.0915427	0.000310421	0	-0.477746	0.0366735	0	0.441094	0	0	-0.515068	0.025844	-4.76826e-05	0.473918	9.53652e-05	0	-2.51192	2.23205	0	0.261054	0	3.75175e-05	-0.436576	0.0140375	-2.94247e-05	0.402323	0.000145617	-9.21774e-06	0.0541432	-0.00251245	0.0221349	-0.00180185	-2.22794e-10	0.1	1	1	0.1	0.02	0.1	Done
3.65	0	1.4349	-3.13374	0	0.127823	0	0.00111747	1.44114	-3.13736	-0.000738382	0.114966	0.000319958	0	-0.535803	0.0516319	0	0.484194	0	0	-0.574194	0.0518787	0	0.481785	0.00019073	0	-2.47549	2.23764	0	0.261489	0	-0.0399249	-0.503993	0.0626655	0.0399227	0.462597	-0.039785	3.02234e-05	0.0557296	-0.00348783	0.0221189	-0.00164151	-2.22811e-10	0.1	1	1	0.1	0.02	0.1	Done
3.7	0	1.40549	-3.13022	0	0.153702	0	0.00111747	1.41094	-3.13439	-0.000738144	0.140588	0.000332355	0	-0.588059	0.0704813	0	0.517589	0	0	-0.633607	0.0602708	0	0.556027	0.00019073	0	-2.42141	2.26909	0	0.261031	0	-3.75175e-05	-0.570625	0.0894161	3.33378e-05	0.514982	0.000146907	4.92745e-05	0.0573261	-0.00122404	0.0220372	-0.00190127	-2.22847e-10	0.1	1	1	0.1	0.02	0.1	Done
3.75	0	1.37384	-3.12555	0	0.180683	0	0.00111747	1.37828	-3.13007	-0.000738144	0.166774	0.000346661	0	-0.633008	0.0933981	0	0.53962	0	0	-0.675281	0.102041	-4.76826e-05	0.516784	0.000238413	0	-2.37303	2.26474	0	0.261725	0	0.0399249	-0.634995	0.0531957	-0.0399238	0.559338	0.0401666	0.000104136	0.0566332	-0.00348449	0.0219907	-0.0016093	-2.2284e-10	0.1	1	1	0.1	0.02	0.1	Done
3.8	0	1.34038	-3.11953	0	0.208122	0	0.00111747	1.34351	-3.12461	-0.000737667	0.194345	0.000362873	0	-0.669188	0.12043	0	0.548766	0	0	-0.718482	0.109956	0	0.598894	0.000286096	0	-2.30176	2.30531	0	0.260897	0	3.75175e-05	-0.693985	0.0895988	-3.53599e-05	0.525406	0.000327999	0.000119088	0.0569508	-0.000448942	0.0218424	-0.00206652	-2.22857e-10	0.1	1	1	0.1	0.02	0.1	Done
3.85	0	1.30559	-3.11196	0	0.235351	0	0.00111747	1.3073	-3.1172	-0.000737906	0.22067	0.000381947	0	-0.69591	0.151339	0	0.544576	0	0	-0.735934	0.173851	0	0.48703	0.000333778	0	-2.24558	2.28066	0	0.262006	0	-0.0399249	-0.743985	0.13932	0.0399324	0.556759	-0.0395956	0.000188712	0.0544095	-0.00513458	0.0217784	-0.00152299	-2.22835e-10	0.1	1	1	0.1	0.02	0.1	Done
3.9	0	1.26993	-3.10268	0	0.261725	0	0.00111747	1.26999	-3.10845	-0.000737667	0.247836	0.000401735	0	-0.71311	0.185609	0	0.527496	0	0	-0.762445	0.171181	0	0.607667	0.000381461	0	-2.15605	2.33908	0	0.260419	0	-3.75175e-05	-0.772809	0.187837	3.85517e-05	0.522367	0.000339523	0.000184874	0.054064	5.07832e-05	0.0215493	-0.00232747	-2.22819e-10	0.1	1	1	0.1	0.02	0.1	Done
3.95	0	1.23388	-3.09155	0	0.286641	0	0.00111747	1.23239	-3.09714	-0.000738144	0.271557	0.000424385	0	-0.720992	0.222659	0	0.498323	0	0	-0.751574	0.266069	0	0.384703	0.000429144	0	-2.10112	2.27921	0	0.262342	0	0.0399249	-0.741497	0.222357	-0.0399235	0.546014	0.0403304	0.000276356	0.0495293	-0.00835896	0.0215028	-0.00127295	-2.22761e-10	0.1	1	1	0.1	0.02	0.1	Done
4	0	1.19785	-3.07847	0	0.3096	0	0.00111747	1.19463	-3.08462	-0.000738144	0.29639	0.000446558	0	-0.720723	0.26154	0	0.459174	0	0	-0.766641	0.23374	-4.76826e-05	0.604473	0.000429144	0	-1.99348	2.37467	0	0.259382	0	3.75175e-05	-0.716503	0.26385	-4.33022e-05	0.489847	0.000484246	0.000233512	0.0498123	0.00154376	0.0211774	-0.00270113	-2.22705e-10	0.1	1	1	0.1	0.02	0.1	Done
4.05	0	1.16217	-3.0634	0	0.330209	0	0.00111747	1.15761	-3.0689	-0.000738382	0.315146	0.000470638	0	-0.713553	0.301361	0	0.412175	0	0	-0.728018	0.375358	0	0.20637	0.000381461	0	-1.95082	2.25624	0	0.262891	0	-0.0399249	-0.760339	0.29293	0.0399206	0.44681	-0.0394667	0.000356845	0.0436666	-0.0133245	0.0212177	-0.000704467	-2.22589e-10	0.1	1	1	0.1	0.02	0.1	Done
4.1	0	1.12712	-3.04634	0	0.348195	0	0.00111747	1.12102	-3.05256	-0.000737906	0.3365	0.000495434	0	-0.700951	0.341215	0	0.359724	0	0	-0.743372	0.284665	0	0.621019	0.000476826	0	-1.82106	2.41936	0	0.257714	0	-3.75175e-05	-0.781381	0.342781	3.33914e-05	0.380547	0.000440188	0.000245066	0.0460643	0.00525165	0.0207683	-0.0032557	-2.225e-10	0.1	1	1	0.1	0.02	0.1	Done
4.15	0	1.0929	-3.02733	0	0.363405	0	0.00111747	1.08587	-3.03229	-0.000738382	0.348669	0.000519991	0	-0.684431	0.380211	0	0.304203	0	0	-0.679763	0.49876	0	-0.0464429	0.000429144	0	-1.80014	2.20721	0	0.263814	0	0.0399249	-0.733507	0.375664	-0.0399199	0.364914	0.0404213	0.000418505	0.0381092	-0.0202112	0.0209913	0.000307143	-2.2235e-10	0.1	1	1	0.1	0.02	0.1	Done
4.2	0	1.05963	-3.00645	0	0.375796	0	0.00111747	1.05139	-3.0125	-0.000738382	0.366434	0.000543833	0	-0.66541	0.41759	0	0.247806	0	0	-0.705798	0.311081	0	0.693544	0.000429144	0	-1.64549	2.48196	0	0.255286	0	3.75175e-05	-0.678257	0.429545	-3.91455e-05	0.290255	0.000536597	0.000216852	0.0434998	0.0126812	0.0203558	-0.0040994	-2.22222e-10	0.1	1	1	0.1	0.02	0.1	Done
4.25	0	1.02738	-2.98381	0	0.385404	0	0.00111747	1.01868	-2.98791	-0.000738382	0.37126	0.000567675	0	-0.644956	0.452771	0	0.19217	0	0	-0.622258	0.633702	0	-0.371591	0.000333778	0	-1.6507	2.13048	0	0.265314	0	-0.0399249	-0.638759	0.40783	0.0399222	0.276454	-0.0394398	0.000449367	0.0337929	-0.0297313	0.0208814	0.00184953	-2.22049e-10	0.1	1	1	0.1	0.02	0.1	Done
4.3	0	0.996184	-2.95955	0	0.392341	0	0.00111747	0.986603	-2.96526	-0.000738382	0.385864	0.000592232	0	-0.62397	0.48521	0	0.138748	0	0	-0.664219	0.306504	-4.76826e-05	0.839977	0.000476826	0	-1.46995	2.56571	0	0.252173	0	-3.75175e-05	-0.616157	0.469633	3.62152e-05	0.192017	0.000437425	0.000157864	0.0418026	0.0244718	0.0199654	-0.00530922	-2.21904e-10	0.1	1	1	0.1	0.02	0.1	Done
4.35	0	0.966034	-2.93382	0	0.396759	0	0.00111747	0.956359	-2.93686	-0.000738382	0.383483	0.000613213	0	-0.602998	0.514627	0	0.0883609	0	0	-0.567328	0.77551	0	-0.751717	0.000286096	0	-1.4995	2.02874	0	0.267278	0	0.0399249	-0.650805	0.51228	-0.0399249	0.217674	0.0404073	0.00044165	0.0307478	-0.0418348	0.0209123	0.00388339	-2.21735e-10	0.1	1	1	0.1	0.02	0.1	Done
4.4	0	0.936911	-2.90679	0	0.398846	0	0.00111747	0.92665	-2.91206	-0.000738382	0.395576	0.000638008	0	-0.582452	0.540719	0	0.0417227	0	0	-0.621591	0.270837	0	1.05488	0.000572191	0	-1.29837	2.66879	0	0.248624	0	3.75175e-05	-0.606766	0.575961	-3.70437e-05	0.12498	0.000480484	9.56912e-05	0.039531	0.0402467	0.0196089	-0.00685334	-2.21543e-10	0.1	1	1	0.1	0.02	0.1	Done
4.45	0	0.908783	-2.87862	0	0.398806	0	0.00111747	0.898647	-2.88051	-0.000737906	0.386634	0.000654221	0	-0.562565	0.563345	0	-0.00079155	0	0	-0.521648	0.918081	0	-1.16446	0.00019073	0	-1.34332	1.90847	0	0.26959	0	-0.0399249	-0.559361	0.527525	0.0399252	0.0926771	-0.0394598	0.000387575	0.0287472	-0.0562172	0.0210794	0.00626707	-2.21428e-10	0.1	1	1	0.1	0.02	0.1	Done
4.5	0	0.881616	-2.8495	0	0.396851	0	0.00111747	0.87115	-2.85426	-0.000738382	0.396858	0.000680447	0	-0.543331	0.582428	0	-0.0391001	0	0	-0.576483	0.208945	4.76826e-05	1.32019	0.000524509	0	-1.13603	2.78388	0	0.244807	0	-3.75175e-05	-0.517575	0.591415	4.3931e-05	-0.00458159	0.000340751	6.29896e-05	0.0355859	0.0590878	0.0192914	-0.00862786	-2.21186e-10	0.1	1	1	0.1	0.02	0.1	Done
4.55	0	0.855378	-2.8196	0	0.393195	0	0.00111747	0.845093	-2.82035	-0.000738144	0.382427	0.000690222	0	-0.524769	0.597873	0	-0.0731111	0	0	-0.488365	1.05417	0	-1.58044	4.76826e-05	0	-1.17913	1.77806	0	0.271931	0	0.0399249	-0.55145	0.550113	-0.0399272	0.0532642	0.0403719	0.000275883	0.027951	-0.0717142	0.0213582	0.00884852	-2.21141e-10	0.1	1	1	0.1	0.02	0.1	Done
4.6	0	0.830038	-2.78912	0	0.388049	0	0.00111747	0.819643	-2.79335	-0.000737906	0.391437	0.000719309	0	-0.506793	0.609713	0	-0.102924	0	0	-0.527274	0.125977	4.76826e-05	1.61263	0.000667557	0	-0.984821	2.90516	0	0.24094	0	3.75175e-05	-0.517585	0.621056	-3.794e-05	-0.0460937	0.000339959	8.25684e-05	0.0291355	0.0797017	0.0190127	-0.0104682	-2.20804e-10	0.1	1	1	0.1	0.02	0.1	Done
4.65	0	0.805576	-2.75822	0	0.381614	0	0.00111747	0.795322	-2.75783	-0.000738144	0.372311	0.000721693	0	-0.48924	0.617938	0	-0.128702	0	0	-0.465955	1.18119	0	-1.99104	-0.000143048	0	-1.00895	1.64084	0	0.274348	0	-0.0399249	-0.474611	0.578693	0.0399286	0.0137239	-0.0394838	0.000109649	0.0280057	-0.0878036	0.0217217	0.0115313	-2.20868e-10	0.1	1	1	0.1	0.02	0.1	Done
4.7	0	0.781977	-2.72709	0	0.374085	0	0.00111747	0.771821	-2.73087	-0.000738621	0.380976	0.000753164	0	-0.47199	0.622568	0	-0.150581	0	0	-0.473107	0.0209804	0	1.93344	0.000667557	0	-0.845681	3.03436	0	0.236978	0	-3.75175e-05	-0.443655	0.650302	3.68947e-05	-0.0909314	0.000185709	0.000160272	0.0202025	0.101646	0.0187582	-0.012394	-2.20422e-10	0.1	1	1	0.1	0.02	0.1	Done
4.75	0	0.759233	-2.69591	0	0.365647	0	0.00111747	0.749108	-2.69433	-0.000737906	0.357487	0.000747442	0	-0.454885	0.623641	0	-0.16876	0	0	-0.451936	1.30536	0	-2.41417	-0.000286096	0	-0.83636	1.48899	0	0.27704	0	0.0399249	-0.476065	0.595515	-0.0399329	-0.0288403	0.0403463	-0.000110233	0.0289033	-0.105039	0.0221626	0.0143835	-2.2064e-10	0.1	1	1	0.1	0.02	0.1	Done
4.8	0	0.737342	-2.66485	0	0.356477	0	0.00111747	0.727528	-2.66838	-0.000737667	0.367302	0.000783682	0	-0.437815	0.621209	0	-0.183402	0	0	-0.413027	-0.117395	0	2.31966	0.000858287	0	-0.719777	3.18566	0	0.232452	0	3.75175e-05	-0.451528	0.665676	-3.30792e-05	-0.137381	0.000169441	0.000294119	0.00905454	0.126382	0.0184871	-0.0146068	-2.20041e-10	0.1	1	1	0.1	0.02	0.1	Done
4.85	0	0.716311	-2.63408	0	0.346741	0	0.00111747	0.706342	-2.63116	-0.000737906	0.339023	0.000768661	0	-0.420623	0.615335	0	-0.194711	0	0	-0.445546	1.4445	0	-2.90702	-0.000476826	0	-0.663005	1.30138	0	0.280566	0	-0.0399249	-0.404189	0.599925	0.0399338	-0.064769	-0.0394919	-0.000400758	0.0307364	-0.125733	0.0227063	0.0177554	-2.20451e-10	0.1	1	1	0.1	0.02	0.1	Done
4.9	0	0.696153	-2.60378	0	0.336594	0	0.00111747	0.686746	-2.60743	-0.000738382	0.352251	0.000810862	0	-0.40315	0.606089	0	-0.202942	0	0	-0.34465	-0.312703	0	2.84579	0.000953652	0	-0.608733	3.38821	0	0.226596	0	-3.75175e-05	-0.379485	0.668508	3.87156e-05	-0.176807	1.36852e-06	0.000485239	-0.00515431	0.157592	0.0181267	-0.0175401	-2.19643e-10	0.1	1	1	0.1	0.02	0.1	Done
4.95	0	0.676883	-2.5741	0	0.326186	0	0.00111747	0.667035	-2.56954	-0.000738144	0.317638	0.000785351	0	-0.385394	0.593553	0	-0.208161	0	0	-0.448407	1.63056	4.76826e-05	-3.57105	-0.000619874	0	-0.488406	1.04032	0	0.285915	0	0.0399249	-0.362431	0.592354	-0.0399335	-0.0901735	0.0403674	-0.000808048	0.0333534	-0.154203	0.023419	0.0222608	-2.20319e-10	0.1	1	1	0.1	0.02	0.1	Done
5	0	0.658524	-2.54521	0	0.315654	0	0.00111747	0.649633	-2.54966	-0.000738621	0.337818	0.000836372	0	-0.367179	0.577831	0	-0.210653	0	0	-0.261205	-0.60576	-4.76826e-05	3.64052	0.00114438	0	-0.521339	3.69129	0	0.217991	0	3.75175e-05	-0.402871	0.66039	-4.03965e-05	-0.207051	-1.43035e-05	0.000748943	-0.024317	0.202273	0.0175607	-0.021934	-2.19237e-10	0.1	1	1	0.1	0.02	0.1	Done
5.05	0	0.641098	-2.51726	0	0.305128	0	0.00111747	0.631305	-2.51054	-0.000738382	0.29372	0.000796556	0	-0.348529	0.559049	0	-0.210519	0	0	-0.46748	1.91722	0	-4.56957	-0.00090597	0	-0.308736	0.642187	0	0.29449	0	-0.0399249	-0.355013	0.573289	0.0399195	-0.104622	-0.0394197	-0.00144967	0.0379326	-0.197103	0.0244297	0.0289863	-2.20278e-10	0.1	1	1	0.1	0.02	0.1	Done
5.1	0	0.624631	-2.49039	0	0.294728	0	0.00111747	0.616435	-2.49688	-0.000738382	0.326668	0.000860453	0	-0.32934	0.537324	0	-0.20799	0	0	-0.152394	-1.06666	0	4.91927	0.0013828	0	-0.468819	4.17974	0	0.204264	0	-3.75175e-05	-0.320195	0.643147	3.80369e-05	-0.228931	-0.000230589	0.00108722	-0.0522935	0.273071	0.0166045	-0.0289558	-2.18765e-10	0.1	1	1	0.1	0.02	0.1	Done
5.15	0	0.609149	-2.46475	0	0.284567	0	0.00111747	0.599241	-2.455	-0.000738144	0.267111	0.000800371	0	-0.309647	0.512867	0	-0.203223	0	0	-0.51831	2.3972	0	-6.18239	-0.00128743	0	-0.110229	-0.00266743	0	0.308736	0	0.0399249	-0.269611	0.543626	-0.0399228	-0.108268	0.0404718	-0.00257428	0.0448507	-0.265132	0.0259751	0.039829	-2.20374e-10	0.1	1	1	0.1	0.02	0.1	Done
5.2	0	0.594676	-2.44046	0	0.274747	0	0.00111747	0.587493	-2.45129	-0.000738382	0.322914	0.000885248	0	-0.289454	0.48584	0	-0.196391	0	0	0.00243181	-1.82014	-4.76826e-05	7.06356	0.0019073	0	-0.476665	5.00147	0	0.180803	0	3.75175e-05	-0.3228	0.619121	-3.30673e-05	-0.243679	-0.000311936	0.00147958	-0.0978861	0.395102	0.0149436	-0.040556	-2.18193e-10	0.1	1	1	0.1	0.02	0.1	Done
5.25	0	0.581237	-2.41763	0	0.265362	0	0.00111747	0.57088	-2.40353	-0.000738859	0.237401	0.000792265	0	-0.268782	0.456495	0	-0.187716	0	0	-0.630555	3.23288	-4.76826e-05	-8.8888	-0.00176426	0	0.133395	-1.08759	0	0.332267	0	-0.0399249	-0.265641	0.50474	0.039924	-0.101086	-0.0391833	-0.00473938	0.0535179	-0.373879	0.0284858	0.0583703	-2.20724e-10	0.1	1	1	0.1	0.02	0.1	Done
5.3	0	0.568851	-2.39638	0	0.256493	0	0.00111747	0.563232	-2.41615	-0.000738382	0.334271	0.000913143	0	-0.247722	0.4251	0	-0.177381	0	0	0.237078	-3.09031	0	10.7518	0.00271791	0	-0.593495	6.41661	0	0.138435	0	-3.75175e-05	-0.312723	0.590229	2.90336e-05	-0.25168	-0.000730118	0.00168371	-0.178327	0.622749	0.0120453	-0.0597555	-2.17409e-10	0.1	1	1	0.1	0.02	0.1	Done
5.35	0	0.557535	-2.37678	0	0.248211	0	0.000691175	0.546046	-2.35697	-0.000738144	0.206104	0.000723839	0	-0.226318	0.391955	0	-0.165637	0	0.00543582	-0.856904	4.69798	4.76826e-05	-13.4795	-0.00224108	0	0.476938	-2.93792	0	0.369441	0	0.0399249	-0.237035	0.457441	-0.0399239	-0.0816118	0.0407869	-0.00868748	0.0574608	-0.54126	0.0325738	0.0915913	-2.2117e-10	0.1	1	1	0.1	0.02	0.1	Done
5.4	0	0.547298	-2.35891	0	0.240578	0	0.000887871	0.543996	-2.39682	-0.000737906	0.376199	0.000920534	0	-0.204737	0.357389	0	-0.15266	0	0.00290864	0.597225	-5.24852	0	17.1032	0.00457753	0	-0.921899	8.82906	0	0.05789	0	-0.00499636	-0.286806	0.55619	-3.08113e-05	-0.250133	-0.00151694	0.000685927	-0.323642	1.08715	0.00710289	-0.0899996	-2.16382e-10	0.1	1	1	0.1	0.02	0.1	Done
5.45	0	0.538143	-2.34282	0	0.233641	0	0.000993729	0.524382	-2.31964	-0.000738144	0.188872	0.000677347	0	-0.183105	0.321836	0	-0.138731	0	0.00157353	-1.26235	7.13685	0	-20.8689	-0.00414839	0	1.03331	-5.95952	0	0.416635	0	-0.04038	-0.197924	0.400459	0.0399323	-0.0450237	-0.0384462	-0.0189593	0.0395863	-0.752047	0.0397918	0.153087	-2.23813e-10	0.1	1	1	0.1	0.02	0.1	Done
5.5	0	0.530064	-2.32853	0	0.227436	0	0.00105071	0.529165	-2.40177	-0.000737906	0.47784	0.000961542	0	-0.16157	0.285668	0	-0.124103	0	0.000810605	1.0853	-8.67366	4.76826e-05	27.2247	0.00729544	0	-1.68288	12.5279	0	-0.101612	0	0.00238503	-0.262268	0.50986	3.69573e-05	-0.225902	-0.00217153	-0.00503722	-0.536177	2.11478	-0.000516724	-0.126622	-2.16116e-10	0.1	1	1	0.1	0.02	0.1	Done
5.55	0	0.523047	-2.31606	0	0.221984	0	0.00108147	0.505126	-2.31193	-0.000738382	0.265323	0.000526905	0	-0.140338	0.249381	0	-0.109046	0	0.000429144	-1.7541	10.3333	-4.76826e-05	-29.9815	-0.00743849	0	1.96815	-9.94473	0	0.41775	0	0.042523	-0.162132	0.327041	-0.0399246	0.0225272	0.0415438	-0.0368864	0.0941414	-0.738022	0.0502424	0.265944	-2.2879e-10	0.1	1	1	0.1	0.02	0.1	Done
5.6	0	0.517067	-2.30539	0	0.217291	0	0.00109816	0.511812	-2.43538	-0.000738382	0.676069	0.000971317	0	-0.119613	0.21347	0	-0.0938609	0	0.000238413	1.41713	-12.5499	4.76826e-05	38.3353	0.0119683	0	-3.0268	16.2314	0	-0.403142	0	0.00140796	-0.241283	0.413023	-4.34534e-05	-0.112813	-0.00322991	-0.0192462	-0.551383	4.13435	-0.00851573	-0.116157	-2.19594e-10	0.1	1	1	0.1	0.02	0.1	Done
5.65	0	0.512085	-2.29647	0	0.213351	0	0.00110698	0.480941	-2.38065	-0.000738621	0.620996	0.000317574	0	-0.0996375	0.178437	0	-0.0787991	0	0.000143048	-1.82496	11.5736	0	-31.5532	-0.0126836	0	3.29075	-11.832	0	0.244024	0	-0.0396393	-0.142924	0.206612	0.0399209	0.180364	-0.0355605	-0.0543792	0.783023	0.148163	0.0582455	0.426915	-2.12764e-10	0.1	1	1	0.1	0.02	0.1	Done
5.7	0	0.508051	-2.28923	0	0.21014	0	0.00111175	0.472554	-2.4578	-0.000738144	0.856281	0.000943422	0	-0.0806689	0.144877	0	-0.0642115	0	4.76826e-05	1.26216	-12.2337	0	33.8292	0.01502	0	-3.13658	15.4786	0	-0.590667	0	-0.000201537	-0.243708	0.0586944	3.36e-05	0.427931	-0.00927208	-0.023608	-0.351578	5.0054	-0.0081056	0.0478663	-1.9672e-10	0.1	1	1	0.1	0.02	0.1	Done
5.75	0	0.504903	-2.28356	0	0.207622	0	0.00111437	0.454298	-2.44	-0.000738859	0.689974	0.000326395	0	-0.0629735	0.113339	0	-0.0503692	0	4.76826e-05	-1.33888	10.2557	0	-32.9962	-0.0125405	0	3.62795	-9.77522	0	0.349107	0	0.0397859	-0.31002	-0.132933	-0.0399198	0.719468	0.0395775	-0.0520225	1.00511	0.852876	0.0552371	0.548627	-1.60955e-10	0.1	1	1	0.1	0.02	0.1	Done
5.8	0	0.502561	-2.27934	0	0.205741	0	0.0011158	0.449553	-2.48425	-0.000738859	0.65468	0.000895023	0	-0.0468338	0.0844431	0	-0.037612	0	0	1.31733	-10.4953	0	26.8638	0.0137326	0	-2.34865	14.0266	0	-0.448398	0	3.52004e-05	-0.379086	-0.279733	-4.23574e-05	0.900746	-0.00416921	-0.0167539	-0.694018	4.09	-0.00457812	0.0830019	-1.85826e-10	0.1	1	1	0.1	0.02	0.1	Done
5.85	0	0.500933	-2.2764	0	0.204429	0	0.00111651	0.440483	-2.40022	-0.000739098	0.0264838	0.000443459	0	-0.0325632	0.058794	0	-0.0262335	0	0	-1.87593	12.0233	0	-45.9554	-0.00619874	0	4.07158	-10.2195	0	0.608369	0	-0.0398611	-0.288751	-0.436191	0.03992	0.793363	-0.0316623	-0.0590799	-0.801839	-0.883837	0.0546198	0.512601	-1.50184e-10	0.1	1	1	0.1	0.02	0.1	Done
5.9	0	0.499909	-2.27455	0	0.203604	0	0.00111699	0.458131	-2.4798	-0.000738621	-0.164545	0.000879049	0	-0.0204736	0.0369883	0	-0.0165164	0	0	2.90397	-12.2193	4.76826e-05	27.7125	0.0111577	0	-1.82123	18.2237	0	0.274883	0	1.52609e-05	-0.199264	-0.272144	3.26665e-05	0.442144	-0.00284043	-0.00675776	-2.4129	2.5133	-0.0126671	-0.141691	-1.51614e-10	0.1	1	1	0.1	0.02	0.1	Done
5.95	0	0.499365	-2.27356	0	0.203163	0	0.00111723	0.454923	-2.37117	-0.000738621	-0.746582	0.000795126	0	-0.0108874	0.0196934	0	-0.00880569	0	0	-2.76101	13.0366	-4.76826e-05	-39.8717	0.00624642	0	2.68133	-11.7256	0	0.437665	0	0.0399451	-0.0705959	-0.38509	-0.0399202	0.0781359	0.0413892	-0.0692293	-1.12897	-4.24728	0.0535147	0.0260947	-1.36964e-10	0.1	1	1	0.1	0.02	0.1	Done
6	0	0.499157	-2.27319	0	0.202994	0	0.00111723	0.45365	-2.35346	-0.000738621	-1.3474	0.00074482	0	-0.00415504	0.00752926	0	-0.00337869	0	0	2.46243	-8.83807	4.76826e-05	4.49208	-0.00176426	0	-0.696265	14.2254	0	1.35887	0	3.65549e-05	0.0368574	-0.189781	-3.27156e-05	-0.346017	0.00099922	-0.00445698	-2.72779	1.11247	-0.0085209	-0.298166	-7.02189e-11	0.1	1	1	0.1	0.02	0.1	Done
6.05	0	0.499157	-2.27319	0	0.202994	0	0.00111723	0.522257	-2.42609	-0.000738382	-0.887891	0.00120687	0	0	0	0	0	0	0	0.518882	3.97425	4.76826e-05	11.5533	0.00419607	0	1.80171	0.893007	0	0.00539535	0	-0.0399323	0.114206	-0.000460944	0.0399265	-0.811183	-0.0403953	-0.0229059	-2.72975	-2.94896	0.0330487	-0.524007	-3.47315e-10	0.1	1	1	0.1	0.02	0.1	Done
6.1	0	0.499157	-2.27319	0	0.202994	0	0.00111747	0.564184	-2.3266	-0.000738144	-0.129738	0.00126004	0	0	0	0	0	0	0	1.05088	0.51707	0	17.4806	-0.00147816	0	-0.100618	1.73955	0	-0.383376	0	-4.21026e-05	0.27649	-0.0550877	4.01677e-05	-1.18648	0.00475894	-0.00853499	-3.31908	-1.30908	0.0208343	-0.13471	-2.93408e-10	0.1	1	1	0.1	0.02	0.1	Done
6.15	0	0.499157	-2.27319	0	0.202994	0	0.00111747	0.598543	-2.23952	-0.000738144	0.271781	0.00109625	0	0	0	0	0	0	0	0.559174	2.891	0	-0.320999	-0.00319474	0	-2.44162	-2.5935	0	-0.26756	0	0.0399275	0.441556	0.131603	-0.0399205	-0.974433	0.0442392	-0.00840303	-2.05703	-0.454486	0.0258215	0.189973	-1.57081e-10	0.1	1	1	0.1	0.02	0.1	Done
6.2	0	0.499157	-2.27319	0	0.202994	0	0.00111747	0.639816	-2.24362	-0.000737667	0.440133	0.001091	0	0	0	0	0	0	0	1.09231	-2.52098	0	6.3036	0.00090597	0	-3.28701	4.14561	0	-0.0324214	0	4.07712e-05	0.595411	0.343498	-3.54664e-05	-0.646017	-0.000311337	-0.00374804	-0.581475	1.05797	0.0128677	0.217491	-7.3896e-11	0.1	1	1	0.1	0.02	0.1	Done
6.25	0	0.499157	-2.27319	0	0.202994	0	0.00111747	0.652124	-2.2145	-0.000737906	0.252385	0.00091362	0	0	0	0	0	0	0	-0.500095	3.17709	0	-12.2072	-0.0032901	0	-2.49152	-2.7335	0	0.189955	0	-0.0399236	0.739433	0.517168	0.0399312	-0.302021	-0.0418078	-0.0117049	0.34849	0.149303	0.028857	0.257271	-1.09032e-10	0.1	1	1	0.1	0.02	0.1	Done
6.3	0	0.499157	-2.27319	0	0.202994	0	0.00111747	0.64704	-2.27953	-0.000738382	0.26715	0.000980377	0	0	0	0	0	0	0	0.210853	-4.93963	0	10.494	0.00200267	0	-0.966127	8.23413	0	0.269661	0	-3.77403e-05	0.797728	0.670446	3.78163e-05	-0.024785	-0.00363667	-0.009799	0.414317	1.25246	0.00921951	0.0679853	-1.28105e-10	0.1	1	1	0.1	0.02	0.1	Done
6.35	0	0.499157	-2.27319	0	0.202994	0	0.00111747	0.601774	-2.22119	-0.000738144	-0.0375843	0.000798464	0	0	0	0	0	0	0	-1.91055	6.21638	0	-19.7468	-0.00252718	0	0.13344	-5.73305	0	0.450651	0	0.0399244	0.657959	0.510866	-0.0399332	0.23278	0.0389031	-0.0181159	0.321331	-0.605598	0.0382479	0.147041	-2.15259e-10	0.1	1	1	0.1	0.02	0.1	Done
6.4	0	0.499157	-2.27319	0	0.202994	0	0.00111747	0.58901	-2.35229	-0.000738382	0.294603	0.000976562	0	0	0	0	0	0	0	0.805169	-9.65134	0	28.2241	0.00572192	0	-0.392484	14.3704	0	0.116373	0	3.72076e-05	0.470535	0.433142	-3.99286e-05	0.0358136	-0.00179727	-0.0102861	-0.455353	1.78404	-0.00104743	-0.153351	-2.0681e-10	0.1	1	1	0.1	0.02	0.1	Done
6.45	0	0.499157	-2.27319	0	0.202994	0	0.00111747	0.532435	-2.2281	-0.000738382	-0.0411239	0.000590801	0	0	0	0	0	0	0	-2.83011	12.5065	0	-35.358	-0.00452985	0	2.10133	-12.8989	0	0.544765	0	-0.039925	0.282131	0.218331	0.0399229	0.287728	-0.0381082	-0.043839	-0.498979	-1.5793	0.0555532	0.202748	-2.62699e-10	0.1	1	1	0.1	0.02	0.1	Done
6.5	0	0.499157	-2.27319	0	0.202994	0	0.00111747	0.54676	-2.4453	-0.000738382	0.673009	0.000993252	0	0	0	0	0	0	0	1.85524	-17.2432	-4.76826e-05	53.4858	0.0142094	0	-3.88682	21.1267	0	-0.477043	0	-3.74252e-05	0.0744297	0.283092	3.6967e-05	0.0675008	-0.00436823	-0.0371998	-0.827663	5.87276	-0.0166749	-0.252918	-2.44689e-10	0.1	1	1	0.1	0.02	0.1	Done
6.55	0	0.499157	-2.27319	0	0.202994	0	0.00111747	0.48384	-2.41161	-0.000739574	0.969572	0.000133991	0	0	0	0	0	0	0	-2.55751	13.1664	-4.76826e-05	-25.6685	-0.0172134	0	5.13701	-14.4233	0	-0.128331	0	0.039925	-0.102121	0.0390712	-0.0399246	0.403724	0.0412436	-0.0758637	0.501933	-0.0302343	0.0676381	0.40716	-2.24559e-10	0.1	1	1	0.1	0.02	0.1	Done
6.6	0	0.499157	-2.27319	0	0.202994	0	0.00111747	0.465753	-2.42004	-0.000739098	1.02908	0.000925303	0	0	0	0	0	0	0	1.75286	-11.4458	4.76826e-05	24.0233	0.0175472	0	-2.47259	14.3912	0	-0.455791	0	3.75302e-05	-0.295832	-0.165307	-5.30528e-05	0.76658	-0.00696398	-0.0208134	-1.12452	5.08105	-0.00745455	0.202638	-1.3904e-10	0.1	1	1	0.1	0.02	0.1	Done
6.65	0	0.499157	-2.27319	0	0.202994	0	0.00111747	0.487748	-2.45154	-0.000738859	0.740012	0.000375032	0	0	0	0	0	0	0	-0.417175	8.22192	4.76826e-05	-31.0976	-0.0116822	0	1.92046	-7.19761	0	0.321457	0	-0.039925	-0.467993	-0.34563	0.0399209	1.10797	-0.0264472	-0.04179	0.261262	0.75385	0.0494133	0.52206	-1.27796e-10	0.1	1	1	0.1	0.02	0.1	Done
6.7	0	0.499157	-2.27319	0	0.202994	0	0.00111747	0.498344	-2.46118	-0.000739098	0.430746	0.000813484	0	0	0	0	0	0	0	1.30007	-7.77837	0	15.9115	0.0108716	0	-1.56838	11.7937	0	-0.0286282	0	-3.75287e-05	-0.540755	-0.513681	4.31725e-05	1.31955	-0.00494961	-0.0139122	-0.803209	2.87768	0.0021255	0.101245	-1.58737e-10	0.1	1	1	0.1	0.02	0.1	Done
6.75	0	0.499157	-2.27319	0	0.202994	0	0.00111747	0.490221	-2.36464	-0.000738621	-0.28044	0.000608206	0	0	0	0	0	0	0	-1.93119	9.83778	-4.76826e-05	-38.142	-0.000524509	0	1.91213	-7.9275	0	0.631524	0	0.0399249	-0.410426	-0.639812	-0.039923	1.06045	0.0391049	-0.0448977	-0.839941	-1.70606	0.0466689	0.289285	-1.56793e-10	0.1	1	1	0.1	0.02	0.1	Done
6.8	0	0.499157	-2.27319	0	0.202994	0	0.00111747	0.496274	-2.41888	-0.000737906	-0.569134	0.000828981	0	0	0	0	0	0	0	2.182	-9.13885	0	17.1317	0.00519741	0	-0.748416	15.4127	0	0.726158	0	3.75198e-05	-0.283001	-0.447454	-3.17448e-05	0.665392	-0.00144809	-0.00230837	-1.69739	1.39901	-0.00556936	-0.208261	-1.63893e-10	0.1	1	1	0.1	0.02	0.1	Done
6.85	0	0.499157	-2.27319	0	0.202994	0	0.000611067	0.496583	-2.37684	-0.000737906	-0.678555	0.000880241	0	0	0	0	0	0	0.00648484	-1.72311	8.86964	4.76826e-05	-17.7822	0.00581728	0	1.98077	-7.12563	0	0.29741	0	-0.0399249	-0.147699	-0.307695	0.0399377	0.251232	-0.0372831	-0.0397371	-0.998661	-2.64919	0.0450466	-0.180074	-2.66662e-10	0.1	1	1	0.1	0.02	0.1	Done
6.9	0	0.499157	-2.27319	0	0.202994	0	0.000844717	0.515513	-2.35211	-0.000737667	-0.507666	0.00101066	0	0	0	0	0	0	0.00348083	2.3066	-6.57429	0	20.8149	0.00276559	0	-1.41831	11.2457	0	0.355443	0	-0.0084482	-0.0229085	-0.133109	4.40756e-05	-0.153857	0.00277251	0.00502861	-1.32602	0.700024	0.000917157	-0.261174	-1.93159e-10	0.1	1	1	0.1	0.02	0.1	Done
6.95	0	0.499157	-2.27319	0	0.202994	0	0.000970602	0.529211	-2.28821	-0.000738382	-0.420028	0.000971794	0	0	0	0	0	0	0.0019073	-1.38728	7.96777	-4.76826e-05	-14.7966	-0.000286096	0	0.278115	-7.22181	0	0.276685	0	0.0370978	0.110823	0.0431173	-0.0399216	-0.504885	0.0426564	-0.0308066	-0.642344	-1.81883	0.0409151	-0.0554182	-2.41174e-10	0.1	1	1	0.1	0.02	0.1	Done
7	0	0.499157	-2.27319	0	0.202994	0	0.00103831	0.556207	-2.35125	-0.000738621	0.0791094	0.00106168	0	0	0	0	0	0	0.00100134	1.97091	-9.06914	0	31.3256	0.00452985	0	-2.00516	12.9726	0	-0.0611367	0	0.00403723	0.235083	0.239228	-4.70677e-05	-0.806072	0.000527362	-0.0053358	-1.04692	1.54928	-0.00242552	-0.196279	-1.88536e-10	0.1	1	1	0.1	0.02	0.1	Done
7.05	0	0.499157	-2.27319	0	0.202994	0	0.00107479	0.535428	-2.22426	-0.000738859	-0.10902	0.000699759	0	0	0	0	0	0	0.000524509	-2.39519	12.1329	0	-32.5014	-0.00472058	0	0.738412	-12.7735	0	0.439646	0	-0.0357373	0.362497	0.301832	0.0399143	-0.568085	-0.0393528	-0.0477313	-0.472552	-1.61813	0.0523561	0.217661	-2.02899e-10	0.1	1	1	0.1	0.02	0.1	Done
7.1	0	0.499157	-2.27319	0	0.202994	0	0.00109434	0.562169	-2.42505	-0.000738621	0.587495	0.00101042	0	0	0	0	0	0	0.000286096	2.08969	-16.5821	4.76826e-05	51.26	0.0129697	0	-3.96599	20.5021	0	-0.395839	0	0.00176299	0.253184	0.49658	3.04365e-05	-0.648054	-0.00552806	-0.0376737	-0.684606	5.34838	-0.0166172	-0.211693	-1.86606e-10	0.1	1	1	0.1	0.02	0.1	Done
7.15	0	0.499157	-2.27319	0	0.202994	0	0.00110507	0.508687	-2.3685	-0.000738859	0.737855	0.000180244	0	0	0	0	0	0	0.000143048	-2.58998	13.9861	4.76826e-05	-31.4294	-0.0164982	0	3.77829	-15.904	0	-0.0554381	0	0.0399557	0.311274	0.28545	-0.0399229	-0.288727	0.0397514	-0.0781323	0.799198	0.14003	0.0683102	0.437674	-2.27801e-10	0.1	1	1	0.1	0.02	0.1	Done
7.2	0	0.499157	-2.27319	0	0.202994	0	0.00111079	0.486446	-2.45282	-0.000738144	1.06872	0.000983238	0	0	0	0	0	0	9.53652e-05	1.29911	-14.221	0	36.0741	0.0181671	0	-3.37786	17.362	0	-0.679365	0	-0.000369143	0.149093	0.128794	-3.69968e-05	0.0741702	-0.0075929	-0.0393487	-0.206222	6.53892	-0.0125844	0.161832	-1.63803e-10	0.1	1	1	0.1	0.02	0.1	Done
7.25	0	0.499157	-2.27319	0	0.202994	0	0.00111389	0.458386	-2.50811	-0.000738621	1.18303	0.000296593	0	0	0	0	0	0	4.76826e-05	-1.36234	8.4877	0	-21.7796	-0.0143525	0	3.77692	-7.71181	0	-0.0227717	0	-0.04013	-0.0168752	-0.0723684	0.0399342	0.464345	-0.0212587	-0.0549432	1.2025	0.76962	0.0532235	0.561718	-9.62772e-11	0.1	1	1	0.1	0.02	0.1	Done
7.3	0	0.499157	-2.27319	0	0.202994	0	0.00111556	0.448552	-2.43818	-0.000738621	0.715088	0.000781298	0	0	0	0	0	0	4.76826e-05	1.09265	-5.12083	0	3.81227	0.011873	0	-0.501725	8.24198	0	-0.0824358	0	1.20014e-06	-0.183606	-0.27909	3.71152e-05	0.843103	-0.0406968	-0.00858166	-0.766283	2.84689	0.00702897	0.310193	-1.04053e-10	0.1	1	1	0.1	0.02	0.1	Done
7.35	0	0.499157	-2.27319	0	0.202994	0	0.00111628	0.465681	-2.37866	-0.000738144	-0.118636	0.000659466	0	0	0	0	0	0	0	-0.823908	6.61854	0	-33.9303	-0.000238413	0	1.77562	-3.91615	0	0.632326	0	0.0400417	-0.327655	-0.370252	-0.0399283	1.06808	0.00872059	-0.0277579	-1.30804	-0.711871	0.0372805	0.357562	-1.09548e-10	0.1	1	1	0.1	0.02	0.1	Done
7.4	0	0.499157	-2.27319	0	0.202994	0	0.00111675	0.482524	-2.41938	-0.000738382	-0.599583	0.000907898	0	0	0	0	0	0	0	1.7161	-6.2326	0	7.46557	0.00457753	0	-0.662773	11.531	0	0.679099	0	0.000111943	-0.257432	-0.203382	-3.32387e-05	0.703143	0.0449025	0.00124344	-1.73318	1.03053	0.00273655	-0.115822	-1.63453e-10	0.1	1	1	0.1	0.02	0.1	Done
7.45	0	0.499157	-2.27319	0	0.202994	0	0.00111723	0.496634	-2.39589	-0.000738144	-0.767142	0.00107288	0	0	0	0	0	0	4.76826e-05	-0.870828	5.76769	0	-11.454	0.00400534	0	0.978565	-3.38357	0	0.296931	0	-0.0399079	-0.129534	-0.103855	0.0399257	0.286898	0.00378616	-0.023788	-0.878926	-1.87203	0.0369789	-0.169271	-2.49165e-10	0.1	1	1	0.1	0.02	0.1	Done
7.5	0	0.499157	-2.27319	0	0.202994	0	0.00111723	0.513418	-2.35136	-0.000738621	-0.70472	0.00111794	0	0	0	0	0	0	0	1.44741	-3.16813	-4.76826e-05	11.4602	0.000429144	0	-1.08872	7.10784	0	0.384603	0	-4.46515e-05	0.00659396	0.0295746	3.97915e-05	-0.127673	-0.0369838	0.00432418	-0.846765	0.292049	0.0103207	-0.201461	-1.98915e-10	0.1	1	1	0.1	0.02	0.1	Done
7.55	0	0.499157	-2.27319	0	0.202994	0	0.00111723	0.532607	-2.321	-0.000738144	-0.48492	0.00112677	0	0	0	0	0	0	0	-0.510919	3.8478	0	-2.10128	-0.00019073	0	-0.0309492	-2.05985	0	0.157672	0	0.0399145	0.143057	0.190531	-0.0399301	-0.506724	0.00109304	-0.0135777	-0.434869	-1.02874	0.0305795	-0.0981791	-2.41294e-10	0.1	1	1	0.1	0.02	0.1	Done
7.6	0	0.499157	-2.27319	0	0.202994	0	0.00111747	0.546285	-2.32348	-0.000738382	-0.106708	0.00113082	0	0	0	0	0	0	0	0.888995	-3.36964	0	15.8705	0.000429144	0	-0.991803	6.30364	0	0.0169671	0	3.29556e-05	0.274486	0.348853	-3.53092e-05	-0.812274	0.0396979	0.000400874	-0.558874	0.439905	0.0114458	-0.0782271	-1.98299e-10	0.1	1	1	0.1	0.02	0.1	Done
7.65	0	0.499157	-2.27319	0	0.202994	0	0.00111747	0.537563	-2.2538	-0.000738144	-0.0848181	0.000967503	0	0	0	0	0	0	0	-1.01841	5.37679	0	-12.4372	-0.00290864	0	-0.0792174	-4.60821	0	0.247654	0	-0.0399213	0.383943	0.454653	0.0399249	-0.644148	-0.000521485	-0.0151481	-0.0948188	-0.669597	0.0340377	0.125159	-1.84968e-10	0.1	1	1	0.1	0.02	0.1	Done
7.7	0	0.499157	-2.27319	0	0.202994	0	0.00111747	0.550789	-2.33362	-0.000738859	0.25958	0.00106192	0	0	0	0	0	0	0	1.15139	-7.22773	-4.76826e-05	22.771	0.00348083	0	-1.53361	10.701	0	-0.0274538	0	-3.35859e-05	0.281558	0.609127	3.99554e-05	-0.457532	-0.0424159	-0.00237392	-0.349492	1.52477	0.00302857	-0.0574293	-1.67196e-10	0.1	1	1	0.1	0.02	0.1	Done
7.75	0	0.499157	-2.27319	0	0.202994	0	0.00111747	0.52481	-2.23357	-0.000738144	-0.00575757	0.000730038	0	0	0	0	0	0	0	-1.99523	9.62541	0	-28.3312	-0.00457753	0	1.01361	-9.58789	0	0.446166	0	0.0399264	0.196563	0.441125	-0.0399329	-0.154411	-0.00049122	-0.0316679	-0.0086866	-0.999883	0.0465692	0.239823	-1.94008e-10	0.1	1	1	0.1	0.02	0.1	Done
7.8	0	0.499157	-2.27319	0	0.202994	0	0.00111747	0.541247	-2.39973	-0.000738144	0.477307	0.00101137	0	0	0	0	0	0	0	1.76197	-13.4984	0	40.2302	0.00967957	0	-2.60028	17.7487	0	-0.217681	0	3.71465e-05	0.0594999	0.566147	-3.40538e-05	0.0162323	0.035612	-0.0193208	-0.713395	3.58515	-0.0102741	-0.161383	-1.88852e-10	0.1	1	1	0.1	0.02	0.1	Done
7.85	0	0.499157	-2.27319	0	0.202994	0	0.00111747	0.500394	-2.2974	-0.000738382	0.238786	0.000351906	0	0	0	0	0	0	0	-2.68158	14.5162	0	-41.1159	-0.0109193	0	3.25529	-15.4404	0	0.414915	0	-0.0399257	-0.0274307	0.342345	0.0399299	0.340608	0.0020574	-0.0679485	0.0548121	-0.673035	0.0649288	0.398749	-2.46115e-10	0.1	1	1	0.1	0.02	0.1	Done
7.9	0	0.499157	-2.27319	0	0.202994	0	0.00111747	0.50378	-2.49653	-0.000737906	0.907517	0.000980139	0	0	0	0	0	0	0	1.50157	-17.9539	4.76826e-05	54.5357	0.0173088	0	-5.33816	20.7123	0	-0.954148	0	-3.78722e-05	-0.169024	0.206071	3.64715e-05	0.558679	-0.0450248	-0.0517063	-0.130713	7.98568	-0.0181053	-0.0843022	-2.50931e-10	0.1	1	1	0.1	0.02	0.1	Done
7.95	0	0.499157	-2.27319	0	0.202994	0	0.00111747	0.430366	-2.53232	-0.000738859	1.3787	0.00019145	0	0	0	0	0	0	0	-2.55884	10.7234	4.76826e-05	-17.4341	-0.0145432	0	6.85437	-10.351	0	-0.203251	0	0.0399249	-0.266837	-0.0392015	-0.0399209	0.923144	0.00222968	-0.0784529	1.0665	0.594959	0.0629029	0.564454	-1.03015e-10	0.1	1	1	0.1	0.02	0.1	Done
8	0	0.499157	-2.27319	0	0.202994	0	0.00111747	0.415643	-2.42806	-0.000738859	0.909795	0.000786066	0	0	0	0	0	0	0	1.83302	-5.61043	0	0.810891	0.013828	0	-0.594576	8.06155	0	-0.183552	0	3.76368e-05	-0.429628	-0.273632	-4.72361e-05	1.3278	0.0294586	-0.00341398	-1.782	3.37285	0.00455449	0.395609	-7.77514e-11	0.1	1	1	0.1	0.02	0.1	Done
8.05	0	0.499157	-2.27319	0	0.202994	0	0.00111747	0.472273	-2.39406	-0.000739098	-0.0647337	0.000641108	0	0	0	0	0	0	0	-0.093601	6.30984	-4.76826e-05	-37.5333	-0.000524509	0	1.29588	-3.18234	0	0.675803	0	-0.0399249	-0.561372	-0.394402	0.0399171	1.59971	0.0091592	-0.0270408	-2.37265	-0.77635	0.0360564	0.413638	-6.34482e-11	0.1	1	1	0.1	0.02	0.1	Done
8.1	0	0.499157	-2.27319	0	0.202994	0	0.00111747	0.503485	-2.42425	-0.000738859	-0.762076	0.00087738	0	0	0	0	0	0	0	1.78724	-5.51011	4.76826e-05	1.85056	0.00381461	0	-0.908201	10.8127	0	0.835151	0	-3.75079e-05	-0.401292	-0.259133	3.23766e-05	1.22586	-0.0338141	-0.00237072	-2.37487	0.753404	0.00448021	-0.106503	-1.38349e-10	0.1	1	1	0.1	0.02	0.1	Done
8.15	0	0.499157	-2.27319	0	0.202994	0	0.00111747	0.536522	-2.42073	-0.000738382	-0.908145	0.00109792	0	0	0	0	0	0	0	-0.22511	4.49037	4.76826e-05	-6.08554	0.00472058	0	-0.0873484	-1.54611	0	0.245058	0	0.0399249	-0.221037	-0.190071	-0.0399226	0.776562	0.00385426	-0.0198483	-1.27772	-1.81354	0.0340738	-0.248059	-2.59747e-10	0.1	1	1	0.1	0.02	0.1	Done
8.2	0	0.499157	-2.27319	0	0.202994	0	0.00111747	0.55505	-2.3468	-0.000739098	-0.823922	0.00111675	0	0	0	0	0	0	0	0.961806	-1.06847	0	7.94211	-0.000429144	0	-1.25179	4.49145	0	0.314323	0	3.75012e-05	-0.032803	-0.0892538	-2.78616e-05	0.332053	0.0433561	-0.00167119	-0.830517	-0.0951453	0.0161007	-0.187186	-2.08638e-10	0.1	1	1	0.1	0.02	0.1	Done
8.25	0	0.499157	-2.27319	0	0.202994	0	0.00111747	0.57335	-2.31786	-0.000738144	-0.541201	0.00113654	0	0	0	0	0	0	0	-0.152537	2.01221	0	3.31118	4.76826e-05	0	-0.729718	0.048187	0	0.0900638	0	-0.039925	0.146243	0.0885891	0.039921	-0.0784281	0.00128891	-0.00912363	-0.441219	-0.651728	0.0254205	-0.0955167	-2.29215e-10	0.1	1	1	0.1	0.02	0.1	Done
8.3	0	0.499157	-2.27319	0	0.202994	0	0.00111747	0.576751	-2.30125	-0.000737906	-0.218491	0.00111747	0	0	0	0	0	0	0	0.247091	-1.06504	0	9.0658	-0.000572191	0	-0.845531	3.42379	0	0.0504312	0	-3.75153e-05	0.310868	0.262512	4.44339e-05	-0.416742	-0.0400666	-0.00296772	-0.296454	0.125146	0.0172408	-0.0162516	-1.88959e-10	0.1	1	1	0.1	0.02	0.1	Done
8.35	0	0.499157	-2.27319	0	0.202994	0	0.00111747	0.565774	-2.26498	-0.000738621	-0.102969	0.00103498	0	0	0	0	0	0	0	-0.577818	2.24518	4.76826e-05	-3.42514	-0.00171657	0	-0.495214	-0.863191	0	0.166016	0	0.039925	0.437783	0.416252	-0.0399159	-0.62266	-0.000930094	-0.00689485	0.0101372	-0.183338	0.0260153	0.0922959	-1.73047e-10	0.1	1	1	0.1	0.02	0.1	Done
8.4	0	0.499157	-2.27319	0	0.202994	0	0.000658751	0.562408	-2.29421	-0.000738382	0.0768526	0.00103545	0	0	0	0	0	0	0.00586496	0.314705	-2.89453	0	9.39	0.000619874	0	-0.702123	5.61318	0	0.124255	0	3.75213e-05	0.339859	0.564365	-4.33342e-05	-0.472668	0.0381643	0.00060691	-0.0211194	0.638758	0.0136199	0.0254402	-1.64142e-10	0.1	1	1	0.1	0.02	0.1	Done
